<?xml version="1.0" encoding="UTF-8" standalone="yes"?>
<addon id="plugin.radio.daydeeeurodance" name="Radio Day Dee Eurodance" version="1.0.0" provider-name="daydeemusic">
    <requires>
        <import addon="xbmc.python" version="2.20.0" />
        <import addon="script.module.beautifulsoup4" version="4.3.2"/>
        <import addon="script.module.requests" version="2.9.1"/>
    </requires>
    <extension point="xbmc.python.pluginsource" library="default.py">
        <provides>audio</provides>
    </extension>
    <extension point="xbmc.addon.metadata">
        <summary lang="en">https://www.daydeeeurodance.blogspot.com</summary>
        
        <license>GNU General Public License, v3</license>
        <description lang="en">Eurodance 100% and Party Music 24/7. DayDee Eurodance Radio is online radio station started 2019.Playing 24/7 Eurodance Hits and Non hits. All the hits for all the musical fun is related to the theme of Day Dee Eurodance.</description>
        <platform>all</platform>
    </extension>
</addon>